,MeanWaterVaporDensity(kg/m^3),MedianWaterVaporDensity(kg/m^3),Location,Datetime,Date,Unnamed: 0,SOI,PDO,AO,Year,Month,Day,Hour,PC1,PC2,PC1_2_Amp,MJO_Phase
0,0.0014502391367949411,0.00126777027614065,CAPRA,2025-01-25 16:22:00,2025-01-25,13943,,,,2025,1,25,,1.27893,1.00564,1.62695,6.0
1,0.0024964652861163158,0.0024978678420276,CAPRA,2026-02-03 22:21:00,2026-02-03,14317,,,,2026,2,3,,-0.35812,-1.00387,1.06584,1.0
2,0.002630463669984697,0.0025482054535282,CAPRA,2026-02-04 03:00:00,2026-02-04,14318,,,,2026,2,4,,-0.05081,-0.7824,0.78405,1.0
3,0.0018588962305510306,0.0014093978688957,CAPRA,2026-02-04 18:00:00,2026-02-04,14318,,,,2026,2,4,,-0.05081,-0.7824,0.78405,1.0
4,0.0029616096300623855,0.00214317476262025,CAPRA,2026-02-04 21:00:00,2026-02-04,14318,,,,2026,2,4,,-0.05081,-0.7824,0.78405,1.0
5,0.004964945065747445,0.004938742175174,CAPRA,2026-02-05 03:00:00,2026-02-05,14319,,,,2026,2,5,,0.26475,-0.54485,0.60576,8.0
6,0.001360724981210431,0.0006180667571001,CAPRA,2026-02-05 21:00:00,2026-02-05,14319,,,,2026,2,5,,0.26475,-0.54485,0.60576,8.0
7,0.0015063731847263723,0.0008508882289216,CAPRA,2026-02-06 00:00:00,2026-02-06,14320,,,,2026,2,6,,0.53439,-0.32387,0.62487,7.0
8,0.0011873473117452232,0.0005337240761237999,CAPRA,2026-02-06 18:00:00,2026-02-06,14320,,,,2026,2,6,,0.53439,-0.32387,0.62487,7.0
9,0.0010609294285176313,0.000703678721449,CAPRA,2026-02-07 01:00:00,2026-02-07,14321,,,,2026,2,7,,0.77445,-0.09346,0.78007,7.0
10,0.0014512642524967534,0.0010847422355089,CAPRA,2026-02-07 17:00:00,2026-02-07,14321,,,,2026,2,7,,0.77445,-0.09346,0.78007,7.0
11,0.0015642726771332915,0.0010521174850524,CAPRA,2026-02-08 00:00:00,2026-02-08,14322,,,,2026,2,8,,0.96063,0.23109,0.98803,6.0
12,0.0009091598684784228,6.645415568803631e-05,CAPRA,2026-02-08 18:00:00,2026-02-08,14322,,,,2026,2,8,,0.96063,0.23109,0.98803,6.0
13,0.0007555008327979932,4.601832136115115e-05,CAPRA,2026-02-08 22:00:00,2026-02-08,14322,,,,2026,2,8,,0.96063,0.23109,0.98803,6.0
14,0.0013590162325466126,0.00100215253420455,CAPRA,2026-02-09 18:00:00,2026-02-09,14323,,,,2026,2,9,,1.13523,0.59276,1.28067,6.0
15,0.0011507757642059695,0.0007582082702865,CAPRA,2026-02-10 02:00:00,2026-02-10,14324,,,,2026,2,10,,1.29198,0.93038,1.59211,6.0
16,0.001112088605813949,0.00066786791357805,CAPRA,2026-02-10 17:00:00,2026-02-10,14324,,,,2026,2,10,,1.29198,0.93038,1.59211,6.0
17,0.00030200870876362774,0.0003596527818369,CAPRA,2026-02-19 03:00:00,2026-02-19,14333,,,,2026,2,19,,2.079,0.71975,2.20007,6.0
18,0.000189658330953364,1.1882805428703849e-05,CAPRA,2026-02-19 18:00:00,2026-02-19,14333,,,,2026,2,19,,2.079,0.71975,2.20007,6.0
19,0.00019798572704099256,8.34094795560335e-05,CAPRA,2026-02-19 21:00:00,2026-02-19,14333,,,,2026,2,19,,2.079,0.71975,2.20007,6.0
20,0.0003233403215744971,0.0001632666977789,CAPRA,2026-02-20 00:00:00,2026-02-20,14334,,,,2026,2,20,,1.85618,0.62505,1.95859,6.0
21,0.0005055570597383803,0.000438250489944,CAPRA,2026-02-20 17:00:00,2026-02-20,14334,,,,2026,2,20,,1.85618,0.62505,1.95859,6.0
22,0.000562092708825712,0.000452217048769,CAPRA,2026-02-20 21:00:00,2026-02-20,14334,,,,2026,2,20,,1.85618,0.62505,1.95859,6.0
23,0.0006433880410398757,0.0005581404304606,CAPRA,2026-02-21 00:00:00,2026-02-21,14335,,,,2026,2,21,,1.54676,0.63,1.67013,6.0
24,0.0006498123856036243,0.0006524616346486,CAPRA,2026-02-21 03:00:00,2026-02-21,14335,,,,2026,2,21,,1.54676,0.63,1.67013,6.0
25,0.0005323089162057817,0.0006044767050013,CAPRA,2026-02-21 18:00:00,2026-02-21,14335,,,,2026,2,21,,1.54676,0.63,1.67013,6.0
26,0.0005891268960451225,0.00077227172821695,CAPRA,2026-02-22 00:00:00,2026-02-22,14336,,,,2026,2,22,,1.20875,0.71691,1.40536,6.0
27,0.0007005758068766137,0.0007341292622611,CAPRA,2026-02-22 18:00:00,2026-02-22,14336,,,,2026,2,22,,1.20875,0.71691,1.40536,6.0
28,0.0008625155578029113,0.0007495285902435,CAPRA,2026-02-23 00:00:00,2026-02-23,14337,,,,2026,2,23,,0.78332,0.79511,1.11615,5.0
29,0.0007880203496335704,0.0008032164864613,CAPRA,2026-02-23 17:00:00,2026-02-23,14337,,,,2026,2,23,,0.78332,0.79511,1.11615,5.0
30,0.00030128296698644615,0.00014616593058455,CAPRA,2026-02-24 00:00:00,2026-02-24,14338,,,,2026,2,24,,0.30748,0.7993,0.85641,5.0
31,0.0008206875734373535,0.0005101028846857,CAPRA,2026-02-24 17:00:00,2026-02-24,14338,,,,2026,2,24,,0.30748,0.7993,0.85641,5.0
32,0.0007781621896067227,0.0005533698619069,CAPRA,2026-02-24 22:00:00,2026-02-24,14338,,,,2026,2,24,,0.30748,0.7993,0.85641,5.0
33,0.0012442194319692667,0.0011339191848701,CAPRA,2026-02-25 03:00:00,2026-02-25,14339,,,,2026,2,25,,-0.12531,0.76784,0.778,4.0
34,0.0011485222901774644,0.0006872215163614499,CAPRA,2026-02-25 16:00:00,2026-02-25,14339,,,,2026,2,25,,-0.12531,0.76784,0.778,4.0
35,0.0011034150314027929,0.0007008352468561,CAPRA,2026-02-25 20:00:00,2026-02-25,14339,,,,2026,2,25,,-0.12531,0.76784,0.778,4.0
36,16138.15026326491,0.0010218998351134,CAUBC,2025-01-27 23:17:00,2025-01-27,13945,,,,2025,1,27,,0.90128,1.24187,1.53445,5.0
37,-457.2159898500968,0.0018462633647632499,CAUBC,2026-01-08 15:18:00,2026-01-08,14291,,,,2026,1,8,,-0.63603,0.76692,0.99635,4.0
38,0.0015637907604315292,0.0012069560123212,CAUBC,2026-01-28 02:51:00,2026-01-28,14311,,,,2026,1,28,,-1.07215,-1.51496,1.85596,1.0
39,0.002061380946578048,0.0015048574052113,CAUBC,2026-02-03 22:17:00,2026-02-03,14317,,,,2026,2,3,,-0.35812,-1.00387,1.06584,1.0
40,0.0035476677830829076,0.0031627738449409,CAUBC,2026-02-04 02:58:00,2026-02-04,14318,,,,2026,2,4,,-0.05081,-0.7824,0.78405,1.0
41,0.001277089608909419,0.0005679309586701,CAUBC,2026-02-04 23:25:00,2026-02-04,14318,,,,2026,2,4,,-0.05081,-0.7824,0.78405,1.0
42,0.001454892876298118,0.0006167502564837,CAUBC,2026-02-05 02:28:00,2026-02-05,14319,,,,2026,2,5,,0.26475,-0.54485,0.60576,8.0
43,0.0006780780305544469,0.0002624807879066,CAUBC,2026-02-05 20:26:00,2026-02-05,14319,,,,2026,2,5,,0.26475,-0.54485,0.60576,8.0
44,0.0006164524947373018,0.0002128034808946,CAUBC,2026-02-05 22:59:00,2026-02-05,14319,,,,2026,2,5,,0.26475,-0.54485,0.60576,8.0
45,0.0013777929747292984,0.0010094222667461,CAUBC,2026-02-06 02:05:00,2026-02-06,14320,,,,2026,2,6,,0.53439,-0.32387,0.62487,7.0
46,0.0015196404936865839,0.0009601827260445,CAUBC,2026-02-13 20:02:00,2026-02-13,14327,,,,2026,2,13,,1.83638,1.41198,2.31645,6.0
47,0.0013429382460714923,0.0006218135167747501,CAUBC,2026-02-13 23:10:00,2026-02-13,14327,,,,2026,2,13,,1.83638,1.41198,2.31645,6.0
48,0.0015197927242792289,0.0008378438043945,CAUBC,2026-02-14 02:15:00,2026-02-14,14328,,,,2026,2,14,,1.99745,1.38781,2.43225,6.0
49,0.0010932503983794738,0.0001907366282748,CAUBC,2026-02-14 20:09:00,2026-02-14,14328,,,,2026,2,14,,1.99745,1.38781,2.43225,6.0
50,0.000734565447320513,0.00010636657269845,CAUBC,2026-02-14 23:06:00,2026-02-14,14328,,,,2026,2,14,,1.99745,1.38781,2.43225,6.0
51,0.0013429382460714923,0.0006218135167747501,CAUBC,2026-02-14 23:10:00,2026-02-14,14328,,,,2026,2,14,,1.99745,1.38781,2.43225,6.0
52,0.0010394431012933742,0.00025320797668124996,CAUBC,2026-02-15 02:05:00,2026-02-15,14329,,,,2026,2,15,,2.16909,1.36455,2.56261,6.0
53,0.000734565447320513,0.00010636657269845,CAUBC,2026-02-15 23:06:00,2026-02-15,14329,,,,2026,2,15,,2.16909,1.36455,2.56261,6.0
54,0.001458296704304385,0.0010871646892708,CAUBC,2026-02-16 02:51:00,2026-02-16,14330,,,,2026,2,16,,2.31519,1.28031,2.64562,6.0
55,0.0016186123619407178,0.0012789257094285,CAUBC,2026-02-16 20:28:00,2026-02-16,14330,,,,2026,2,16,,2.31519,1.28031,2.64562,6.0
56,0.001214910751501361,0.0004447886824359,CAUBC,2026-02-16 23:20:00,2026-02-16,14330,,,,2026,2,16,,2.31519,1.28031,2.64562,6.0
57,0.0015734841439755903,0.0008770944733282,CAUBC,2026-02-17 02:12:00,2026-02-17,14331,,,,2026,2,17,,2.4122,1.10941,2.65509,6.0
58,0.0009895812620258175,0.0002590267703999,CAUBC,2026-02-17 20:38:00,2026-02-17,14331,,,,2026,2,17,,2.4122,1.10941,2.65509,6.0
59,0.00034505852988078294,4.710961380975735e-06,CAUBC,2026-02-17 23:40:00,2026-02-17,14331,,,,2026,2,17,,2.4122,1.10941,2.65509,6.0
60,0.0010579934963359289,0.0008675238618245,CAUBC,2026-02-20 20:15:00,2026-02-20,14334,,,,2026,2,20,,1.85618,0.62505,1.95859,6.0
61,0.0015196404936865839,0.0009601827260445,CAUBC,2026-02-20 23:09:00,2026-02-20,14334,,,,2026,2,20,,1.85618,0.62505,1.95859,6.0
62,0.0014513190999665795,0.0010854613437606998,CAUBC,2026-02-21 02:53:00,2026-02-21,14335,,,,2026,2,21,,1.54676,0.63,1.67013,6.0
63,0.0013104430835177315,0.0009060311461605501,CAUBC,2026-03-01 20:33:00,2026-03-01,14343,,,,2026,3,1,,-1.02355,0.80168,1.30013,3.0
64,0.0016065785057655553,0.0012392299962837,CAUBC,2026-03-01 23:17:00,2026-03-01,14343,,,,2026,3,1,,-1.02355,0.80168,1.30013,3.0
65,0.0011354456137241014,0.000792316017849,CAUBC,2026-03-02 02:07:00,2026-03-02,14344,,,,2026,3,2,,-1.12483,0.83412,1.40036,3.0
66,0.0022819992593958818,0.0015624628909407,CAUBC,2026-03-06 20:12:00,2026-03-06,14348,,,,2026,3,6,,-1.22914,0.61303,1.37353,3.0
67,0.0025007479534659783,0.0021393843779093,CAUBC,2026-03-06 23:11:00,2026-03-06,14348,,,,2026,3,6,,-1.22914,0.61303,1.37353,3.0
68,0.0029598111152629755,0.00273790968720865,CAUBC,2026-03-07 02:20:00,2026-03-07,14349,,,,2026,3,7,,-1.25618,0.53825,1.36663,3.0
69,0.0013683287643406403,0.001256609145904,CAUBC,2026-03-13 23:21:00,2026-03-13,14355,,,,2026,3,13,,-1.49569,-0.7277,1.66332,2.0
70,0.0005465291902336208,8.323709926010982e-05,CAWTA,2026-01-22 21:00:00,2026-01-22,14305,,,,2026,1,22,,-0.61316,-0.79638,1.00508,1.0
71,0.00039617726539540026,6.287077444983907e-05,CAWTA,2026-01-23 00:00:00,2026-01-23,14306,,,,2026,1,23,,-0.60898,-0.92758,1.10962,1.0
72,0.00046993774458150417,0.0001641957211448,CAWTA,2026-01-23 03:00:00,2026-01-23,14306,,,,2026,1,23,,-0.60898,-0.92758,1.10962,1.0
73,7.098045834387349e-05,4.756957259953931e-06,CAWTA,2026-01-23 21:00:00,2026-01-23,14306,,,,2026,1,23,,-0.60898,-0.92758,1.10962,1.0
74,9.996638907403313e-05,5.908651785565317e-06,CAWTA,2026-01-24 00:00:00,2026-01-24,14307,,,,2026,1,24,,-0.67349,-1.07723,1.27043,1.0
75,6.870031578177161e-05,4.702780081399169e-06,CAWTA,2026-01-24 03:00:00,2026-01-24,14307,,,,2026,1,24,,-0.67349,-1.07723,1.27043,1.0
76,7.324026699036799e-05,1.1544322303397738e-05,CAWTA,2026-01-24 21:00:00,2026-01-24,14307,,,,2026,1,24,,-0.67349,-1.07723,1.27043,1.0
77,7.027591604045356e-05,1.5624447124870994e-05,CAWTA,2026-01-25 00:00:00,2026-01-25,14308,,,,2026,1,25,,-0.8257,-1.32243,1.55904,1.0
78,7.946774738170724e-05,2.175745245267249e-05,CAWTA,2026-01-25 03:00:00,2026-01-25,14308,,,,2026,1,25,,-0.8257,-1.32243,1.55904,1.0
79,0.0004755486908884105,0.00043063257784815,CAWTA,2026-01-25 21:00:00,2026-01-25,14308,,,,2026,1,25,,-0.8257,-1.32243,1.55904,1.0
80,0.00046674929739209524,0.0002915078124611,CAWTA,2026-01-26 00:00:00,2026-01-26,14309,,,,2026,1,26,,-0.98125,-1.49285,1.78646,1.0
81,0.0002977665553190518,4.556772387140274e-06,CAWTA,2026-02-03 21:00:00,2026-02-03,14317,,,,2026,2,3,,-0.35812,-1.00387,1.06584,1.0
82,0.0003040397260761394,9.755112670019162e-06,CAWTA,2026-02-04 00:00:00,2026-02-04,14318,,,,2026,2,4,,-0.05081,-0.7824,0.78405,1.0
83,0.0003550871312685556,1.0626312481621778e-05,CAWTA,2026-02-04 03:00:00,2026-02-04,14318,,,,2026,2,4,,-0.05081,-0.7824,0.78405,1.0
84,0.00022815951003769342,2.906495440385436e-06,CAWTA,2026-02-04 09:00:00,2026-02-04,14318,,,,2026,2,4,,-0.05081,-0.7824,0.78405,1.0
85,0.00021553116074064267,6.97801580766653e-06,CAWTA,2026-02-04 12:00:00,2026-02-04,14318,,,,2026,2,4,,-0.05081,-0.7824,0.78405,1.0
86,0.0002307619126555078,9.518704944167406e-06,CAWTA,2026-02-04 21:00:00,2026-02-04,14318,,,,2026,2,4,,-0.05081,-0.7824,0.78405,1.0
87,0.00023787484823659395,2.1248375159315018e-05,CAWTA,2026-02-05 00:00:00,2026-02-05,14319,,,,2026,2,5,,0.26475,-0.54485,0.60576,8.0
88,0.00023301296357027058,1.6641694745509534e-05,CAWTA,2026-02-05 03:00:00,2026-02-05,14319,,,,2026,2,5,,0.26475,-0.54485,0.60576,8.0
89,0.00018649216555215975,5.53273596194913e-06,CAWTA,2026-02-13 21:00:00,2026-02-13,14327,,,,2026,2,13,,1.83638,1.41198,2.31645,6.0
90,0.00021767996225480028,3.0741570007330685e-06,CAWTA,2026-02-14 00:00:00,2026-02-14,14328,,,,2026,2,14,,1.99745,1.38781,2.43225,6.0
91,0.0003098447844128672,8.447637613455103e-06,CAWTA,2026-02-14 03:00:00,2026-02-14,14328,,,,2026,2,14,,1.99745,1.38781,2.43225,6.0
92,0.0003416710757899458,4.421692272535859e-05,CAWTA,2026-02-14 21:00:00,2026-02-14,14328,,,,2026,2,14,,1.99745,1.38781,2.43225,6.0
93,0.00017486397571021776,1.2163714262884285e-06,CAWTA,2026-02-15 00:00:00,2026-02-15,14329,,,,2026,2,15,,2.16909,1.36455,2.56261,6.0
94,0.00019461773860426462,2.16821282670561e-06,CAWTA,2026-02-15 03:00:00,2026-02-15,14329,,,,2026,2,15,,2.16909,1.36455,2.56261,6.0
95,0.000224416770701617,2.0552073044744253e-05,CAWTA,2026-02-15 21:00:00,2026-02-15,14329,,,,2026,2,15,,2.16909,1.36455,2.56261,6.0
96,0.000259284731631904,7.736386485320732e-06,CAWTA,2026-02-16 00:00:00,2026-02-16,14330,,,,2026,2,16,,2.31519,1.28031,2.64562,6.0
97,0.00029261387860696333,4.879040672513113e-05,CAWTA,2026-02-16 03:00:00,2026-02-16,14330,,,,2026,2,16,,2.31519,1.28031,2.64562,6.0
98,0.0003758083205731766,7.437361703197188e-06,CAWTA,2026-02-16 21:00:00,2026-02-16,14330,,,,2026,2,16,,2.31519,1.28031,2.64562,6.0
99,0.0004953122323216433,4.437266970823615e-06,CAWTA,2026-02-17 00:00:00,2026-02-17,14331,,,,2026,2,17,,2.4122,1.10941,2.65509,6.0
100,0.0005556480256082167,5.438526002934509e-06,CAWTA,2026-02-17 03:00:00,2026-02-17,14331,,,,2026,2,17,,2.4122,1.10941,2.65509,6.0
101,0.0010746142460601427,1.6890789959880993e-05,CAWTA,2026-02-20 21:00:00,2026-02-20,14334,,,,2026,2,20,,1.85618,0.62505,1.95859,6.0
102,0.0004665940241248709,1.0872050546808825e-05,CAWTA,2026-02-21 00:00:00,2026-02-21,14335,,,,2026,2,21,,1.54676,0.63,1.67013,6.0
103,0.0019727702926643324,0.00186693590822205,CYYD,2026-03-07 17:48:00,2026-03-07,14349,,,,2026,3,7,,-1.25618,0.53825,1.36663,3.0
104,0.0009153066838280452,0.0005275986372978,CYYD,2026-03-08 04:00:00,2026-03-08,14350,,,,2026,3,8,,-1.30433,0.41423,1.36853,3.0
105,0.0006155869508297465,0.0003103836724627,CYYD,2026-03-08 23:17:00,2026-03-08,14350,,,,2026,3,8,,-1.30433,0.41423,1.36853,3.0
106,0.0006926907349337624,0.0003408580292394,CYYD,2026-03-09 17:20:00,2026-03-09,14351,,,,2026,3,9,,-1.36499,0.25527,1.38866,3.0
107,0.0006973789320191948,0.0005001799051966,CYYD,2026-03-09 23:08:00,2026-03-09,14351,,,,2026,3,9,,-1.36499,0.25527,1.38866,3.0
108,0.0007708638997530368,0.0003999232940873,CYYD,2026-03-10 17:23:00,2026-03-10,14352,,,,2026,3,10,,-1.40194,0.00433,1.40195,3.0
109,0.0014120710251618825,0.0014084376937882,CYYD,2026-03-11 05:23:00,2026-03-11,14353,,,,2026,3,11,,-1.40839,-0.25167,1.4307,2.0
110,0.0008181849380165031,0.0003479884043798,CYYD,2026-03-11 17:28:00,2026-03-11,14353,,,,2026,3,11,,-1.40839,-0.25167,1.4307,2.0
111,0.0007346838081696093,0.00044968076176635,CYYD,2026-03-11 23:30:00,2026-03-11,14353,,,,2026,3,11,,-1.40839,-0.25167,1.4307,2.0
112,0.0010780175711568,0.0006454320927324,CYYD,2026-03-12 05:27:00,2026-03-12,14354,,,,2026,3,12,,-1.43838,-0.51711,1.52851,2.0
113,0.000780923777038311,0.00041689479472700004,CYYD,2026-03-12 17:16:00,2026-03-12,14354,,,,2026,3,12,,-1.43838,-0.51711,1.52851,2.0
114,0.0010483145781644053,0.00117960855382435,CYYD,2026-03-12 20:24:00,2026-03-12,14354,,,,2026,3,12,,-1.43838,-0.51711,1.52851,2.0
115,0.0005385136820740699,0.0001393488136905,CYYD,2026-03-12 23:15:00,2026-03-12,14354,,,,2026,3,12,,-1.43838,-0.51711,1.52851,2.0
116,0.0006497396558114624,8.995361149518637e-05,CYYD,2026-03-13 02:23:00,2026-03-13,14355,,,,2026,3,13,,-1.49569,-0.7277,1.66332,2.0
117,0.0010483145781644053,0.00117960855382435,CYYD,2026-03-13 20:24:00,2026-03-13,14355,,,,2026,3,13,,-1.49569,-0.7277,1.66332,2.0
118,0.0005385136820740699,0.0001393488136905,CYYD,2026-03-13 23:15:00,2026-03-13,14355,,,,2026,3,13,,-1.49569,-0.7277,1.66332,2.0
119,0.0007784491257847366,0.0004809314138369,CYYD,2026-03-14 11:28:00,2026-03-14,14356,,,,2026,3,14,,-1.48966,-0.91032,1.74579,2.0
120,0.0006259612080536973,0.0001013530629824,CYYD,2026-03-14 23:26:00,2026-03-14,14356,,,,2026,3,14,,-1.48966,-0.91032,1.74579,2.0
121,0.0005492429516871287,5.874929296739427e-05,CYYD,2026-03-15 02:01:00,2026-03-15,14357,,,,2026,3,15,,-1.41661,-1.07215,1.7766,2.0
122,0.0007296464568063108,0.00041373355434755,CYYD,2026-03-15 05:26:00,2026-03-15,14357,,,,2026,3,15,,-1.41661,-1.07215,1.7766,2.0
123,0.00018128972771802338,1.2706769574702436e-06,CYZY,2026-03-10 00:00:00,2026-03-10,14352,,,,2026,3,10,,-1.40194,0.00433,1.40195,3.0
124,0.00018352970179772663,5.934667165252283e-06,CYZY,2026-03-10 02:00:00,2026-03-10,14352,,,,2026,3,10,,-1.40194,0.00433,1.40195,3.0
125,0.00018352970179772663,5.934667165252283e-06,CYZY,2026-03-10 12:00:00,2026-03-10,14352,,,,2026,3,10,,-1.40194,0.00433,1.40195,3.0
126,0.0001763947408059263,2.5096806540922743e-06,CYZY,2026-03-10 18:00:00,2026-03-10,14352,,,,2026,3,10,,-1.40194,0.00433,1.40195,3.0
127,0.00016088447958969687,2.2118702999112295e-06,CYZY,2026-03-10 21:00:00,2026-03-10,14352,,,,2026,3,10,,-1.40194,0.00433,1.40195,3.0
128,0.00019024265607831147,2.2683340534017855e-06,CYZY,2026-03-11 00:00:00,2026-03-11,14353,,,,2026,3,11,,-1.40839,-0.25167,1.4307,2.0
129,0.0002559191488575974,2.00095102821057e-05,CYZY,2026-03-11 03:00:00,2026-03-11,14353,,,,2026,3,11,,-1.40839,-0.25167,1.4307,2.0
130,0.00016362123130184356,2.8468476974843725e-06,CYZY,2026-03-11 12:00:00,2026-03-11,14353,,,,2026,3,11,,-1.40839,-0.25167,1.4307,2.0
131,0.0002539361269901273,5.045696314896883e-06,CYZY,2026-03-11 18:00:00,2026-03-11,14353,,,,2026,3,11,,-1.40839,-0.25167,1.4307,2.0
132,0.00020734615544536444,2.405357798220517e-06,CYZY,2026-03-11 21:00:00,2026-03-11,14353,,,,2026,3,11,,-1.40839,-0.25167,1.4307,2.0
133,0.00027413353845760915,1.8985720914929148e-05,CYZY,2026-03-12 00:00:00,2026-03-12,14354,,,,2026,3,12,,-1.43838,-0.51711,1.52851,2.0
134,0.00023305129083990765,1.3407871588644528e-05,CYZY,2026-03-12 03:00:00,2026-03-12,14354,,,,2026,3,12,,-1.43838,-0.51711,1.52851,2.0
135,0.00025173754425947135,3.0363122837213763e-05,CYZY,2026-03-12 06:00:00,2026-03-12,14354,,,,2026,3,12,,-1.43838,-0.51711,1.52851,2.0
136,0.0002184603913958398,1.3890275045480595e-05,CYZY,2026-03-12 12:00:00,2026-03-12,14354,,,,2026,3,12,,-1.43838,-0.51711,1.52851,2.0
137,0.0001693987107360113,1.2812697077723386e-05,CYZY,2026-03-12 15:00:00,2026-03-12,14354,,,,2026,3,12,,-1.43838,-0.51711,1.52851,2.0
138,0.00017001028062946057,1.3571281292147718e-05,CYZY,2026-03-12 18:00:00,2026-03-12,14354,,,,2026,3,12,,-1.43838,-0.51711,1.52851,2.0
139,0.0001424966747362855,1.916867480187734e-06,CYZY,2026-03-13 00:00:00,2026-03-13,14355,,,,2026,3,13,,-1.49569,-0.7277,1.66332,2.0
140,0.00023011323022639738,5.90481402557364e-06,CYZY,2026-03-13 02:00:00,2026-03-13,14355,,,,2026,3,13,,-1.49569,-0.7277,1.66332,2.0
141,0.000168013053608573,3.610548503314958e-06,CYZY,2026-03-13 12:00:00,2026-03-13,14355,,,,2026,3,13,,-1.49569,-0.7277,1.66332,2.0
142,0.00015853032519082938,2.9387355647444125e-06,CYZY,2026-03-13 18:00:00,2026-03-13,14355,,,,2026,3,13,,-1.49569,-0.7277,1.66332,2.0
143,0.00021714632386133525,9.955320292088228e-06,CYZY,2026-03-13 21:00:00,2026-03-13,14355,,,,2026,3,13,,-1.49569,-0.7277,1.66332,2.0
144,0.0002256262471022351,9.197279710296984e-06,CYZY,2026-03-13 23:00:00,2026-03-13,14355,,,,2026,3,13,,-1.49569,-0.7277,1.66332,2.0
145,0.00037844777256597817,4.286797277709329e-05,CYZY,2026-03-14 02:00:00,2026-03-14,14356,,,,2026,3,14,,-1.48966,-0.91032,1.74579,2.0
146,0.00037844777256597817,4.286797277709329e-05,CYZY,2026-03-14 05:00:00,2026-03-14,14356,,,,2026,3,14,,-1.48966,-0.91032,1.74579,2.0
147,0.00014692754247797255,2.6289064360683407e-06,CYZY,2026-03-14 12:00:00,2026-03-14,14356,,,,2026,3,14,,-1.48966,-0.91032,1.74579,2.0
148,0.00015142717289045367,5.20214424907018e-06,CYZY,2026-03-14 18:00:00,2026-03-14,14356,,,,2026,3,14,,-1.48966,-0.91032,1.74579,2.0
149,0.0001697449682272992,2.9617468330984984e-06,CYZY,2026-03-14 20:00:00,2026-03-14,14356,,,,2026,3,14,,-1.48966,-0.91032,1.74579,2.0
150,0.0015936057228896087,0.0012284181165715,USALY,2025-02-03 21:00:00,2025-02-03,13952,,,,2025,2,3,,-0.02948,1.37047,1.37078,4.0
151,0.00115256872821828,0.0001432417074247,USALY,2025-02-03 23:01:00,2025-02-03,13952,,,,2025,2,3,,-0.02948,1.37047,1.37078,4.0
152,0.0011107598019868786,0.0001650156037695,USALY,2025-02-04 01:54:00,2025-02-04,13953,,,,2025,2,4,,-0.24224,1.25398,1.27717,4.0
153,0.0002408509071510802,2.4006960816606222e-05,USALY,2025-02-04 19:57:00,2025-02-04,13953,,,,2025,2,4,,-0.24224,1.25398,1.27717,4.0
154,0.00021025155048015682,5.693914013476469e-05,USALY,2025-02-04 23:09:00,2025-02-04,13953,,,,2025,2,4,,-0.24224,1.25398,1.27717,4.0
155,0.00022176972816275088,5.6710874278285175e-05,USALY,2025-02-05 02:12:00,2025-02-05,13954,,,,2025,2,5,,-0.40738,1.14776,1.21791,4.0
156,0.0001719720945324768,4.705917026100435e-05,USALY,2025-02-05 20:06:00,2025-02-05,13954,,,,2025,2,5,,-0.40738,1.14776,1.21791,4.0
157,0.000192286299390421,9.773548013834369e-05,USALY,2025-02-05 22:45:00,2025-02-05,13954,,,,2025,2,5,,-0.40738,1.14776,1.21791,4.0
158,0.00025507667224144423,0.0001014464827097,USALY,2025-02-06 01:53:00,2025-02-06,13955,,,,2025,2,6,,-0.53832,1.02953,1.16177,4.0
159,0.0007278287319946054,3.423257473534701e-05,USALY,2025-02-06 20:05:00,2025-02-06,13955,,,,2025,2,6,,-0.53832,1.02953,1.16177,4.0
160,0.0005050765212860059,7.325851325832174e-05,USALY,2025-02-06 22:50:00,2025-02-06,13955,,,,2025,2,6,,-0.53832,1.02953,1.16177,4.0
161,0.0008091448095240928,9.748337310372832e-05,USALY,2025-02-07 01:58:00,2025-02-07,13956,,,,2025,2,7,,-0.61283,0.87894,1.07149,4.0
162,0.0007096311988810291,0.0001700357004107,USALY,2025-02-12 20:06:00,2025-02-12,13961,,,,2025,2,12,,-0.9387,-0.11252,0.94542,2.0
163,0.0008528143094800034,0.0002119832068148,USALY,2025-02-12 23:09:00,2025-02-12,13961,,,,2025,2,12,,-0.9387,-0.11252,0.94542,2.0
164,0.001024633681305926,0.0001615142151401,USALY,2025-02-13 01:58:00,2025-02-13,13962,,,,2025,2,13,,-0.97073,-0.31724,1.02125,2.0
165,0.0016577354309552678,0.0006673158303142,USALY,2025-02-16 14:18:00,2025-02-16,13965,,,,2025,2,16,,-1.483,-0.56308,1.5863,2.0
166,0.001998109997379562,0.0011460610166895,USALY,2025-02-16 17:09:00,2025-02-16,13965,,,,2025,2,16,,-1.483,-0.56308,1.5863,2.0
167,0.00014101009827428745,2.52962968970016e-05,USALY,2026-01-24 03:00:00,2026-01-24,14307,,,,2026,1,24,,-0.67349,-1.07723,1.27043,1.0
168,0.00018041639018440177,0.0001564902449585,USALY,2026-01-24 21:00:00,2026-01-24,14307,,,,2026,1,24,,-0.67349,-1.07723,1.27043,1.0
169,0.00016671014595499216,2.118812418891461e-05,USALY,2026-01-25 03:00:00,2026-01-25,14308,,,,2026,1,25,,-0.8257,-1.32243,1.55904,1.0
170,0.0001667135216199901,4.939304320431209e-06,USALY,2026-01-27 21:00:00,2026-01-27,14310,,,,2026,1,27,,-1.07223,-1.53633,1.8735,1.0
171,0.00015192340080141646,1.6084860417554585e-06,USALY,2026-01-28 03:00:00,2026-01-28,14311,,,,2026,1,28,,-1.07215,-1.51496,1.85596,1.0
172,0.0002587667011287672,1.054804013148507e-05,USALY,2026-02-03 21:00:00,2026-02-03,14317,,,,2026,2,3,,-0.35812,-1.00387,1.06584,1.0
173,0.00022583065966247785,3.5139603417556387e-06,USALY,2026-02-04 03:00:00,2026-02-04,14318,,,,2026,2,4,,-0.05081,-0.7824,0.78405,1.0
174,0.0002132090988136047,2.823303637724425e-05,USALY,2026-02-04 21:00:00,2026-02-04,14318,,,,2026,2,4,,-0.05081,-0.7824,0.78405,1.0
175,0.00023829129518790752,2.731841246981457e-05,USALY,2026-02-05 03:00:00,2026-02-05,14319,,,,2026,2,5,,0.26475,-0.54485,0.60576,8.0
176,0.00024633451269606596,2.83658452807575e-05,USALY,2026-02-13 21:00:00,2026-02-13,14327,,,,2026,2,13,,1.83638,1.41198,2.31645,6.0
177,0.0002676895257849274,6.096960299647083e-06,USALY,2026-02-14 03:00:00,2026-02-14,14328,,,,2026,2,14,,1.99745,1.38781,2.43225,6.0
178,0.00037564113362622897,4.925815159558064e-05,USALY,2026-02-15 21:00:00,2026-02-15,14329,,,,2026,2,15,,2.16909,1.36455,2.56261,6.0
179,0.0005399823280039032,6.10571706146389e-05,USALY,2026-02-16 03:00:00,2026-02-16,14330,,,,2026,2,16,,2.31519,1.28031,2.64562,6.0
180,0.0004881717455287608,2.5325136943721593e-05,USALY,2026-02-16 21:00:00,2026-02-16,14330,,,,2026,2,16,,2.31519,1.28031,2.64562,6.0
181,0.00046103758447857423,3.8274640146114675e-06,USALY,2026-02-17 03:00:00,2026-02-17,14331,,,,2026,2,17,,2.4122,1.10941,2.65509,6.0
182,0.0006100954107380254,2.337233108534155e-05,USALY,2026-02-17 21:00:00,2026-02-17,14331,,,,2026,2,17,,2.4122,1.10941,2.65509,6.0
183,0.00048394718124061256,1.7952176757537813e-05,USALY,2026-02-18 03:00:00,2026-02-18,14332,,,,2026,2,18,,2.21633,0.83069,2.36689,6.0
184,0.0010824026917965583,1.70573789080275e-05,USALY,2026-02-20 21:00:00,2026-02-20,14334,,,,2026,2,20,,1.85618,0.62505,1.95859,6.0
185,0.0007786431640596041,1.4598960739463816e-05,USALY,2026-02-21 03:00:00,2026-02-21,14335,,,,2026,2,21,,1.54676,0.63,1.67013,6.0
186,0.00041316206071540245,7.349444538574298e-06,USALY,2026-02-22 18:00:00,2026-02-22,14336,,,,2026,2,22,,1.20875,0.71691,1.40536,6.0
187,0.0001391185647990803,9.064243657332036e-06,USALY,2026-03-02 03:00:00,2026-03-02,14344,,,,2026,3,2,,-1.12483,0.83412,1.40036,3.0
188,0.0006795834854170902,1.4536988394495614e-05,USALY,2026-03-06 21:00:00,2026-03-06,14348,,,,2026,3,6,,-1.22914,0.61303,1.37353,3.0
189,0.0019672782912191667,0.00013575102910695,USALY,2026-03-16 18:00:00,2026-03-16,14358,,,,2026,3,16,,-1.24437,-1.2675,1.77624,1.0
190,0.0013789989390843292,1.3775466392414187e-05,USALY,2026-03-16 21:00:00,2026-03-16,14358,,,,2026,3,16,,-1.24437,-1.2675,1.77624,1.0
191,0.0019517526955235055,3.6392867024717416e-05,USCLL,2025-02-04 20:31:00,2025-02-04,13953,,,,2025,2,4,,-0.24224,1.25398,1.27717,4.0
192,0.0018925627288878736,3.129770106732314e-05,USCLL,2025-02-05 20:30:00,2025-02-05,13954,,,,2025,2,5,,-0.40738,1.14776,1.21791,4.0
193,0.0019795781191379977,3.037047385726458e-05,USCLL,2025-02-05 23:39:00,2025-02-05,13954,,,,2025,2,5,,-0.40738,1.14776,1.21791,4.0
194,0.0019159034015353293,4.733901077189668e-05,USCLL,2025-02-06 02:32:00,2025-02-06,13955,,,,2025,2,6,,-0.53832,1.02953,1.16177,4.0
195,0.001215957573780668,4.105018524335943e-05,USCLL,2025-02-06 20:34:00,2025-02-06,13955,,,,2025,2,6,,-0.53832,1.02953,1.16177,4.0
196,0.0011239758018367022,3.3811687481517886e-05,USCLL,2025-02-06 23:35:00,2025-02-06,13955,,,,2025,2,6,,-0.53832,1.02953,1.16177,4.0
197,0.0010229072287149742,3.651508719916325e-05,USCLL,2025-02-07 02:31:00,2025-02-07,13956,,,,2025,2,7,,-0.61283,0.87894,1.07149,4.0
198,0.0009833449781365066,0.0001289990163108,USCLL,2025-02-12 20:30:00,2025-02-12,13961,,,,2025,2,12,,-0.9387,-0.11252,0.94542,2.0
199,0.0007363594841474727,0.0001085811583314,USCLL,2025-02-12 23:49:00,2025-02-12,13961,,,,2025,2,12,,-0.9387,-0.11252,0.94542,2.0
200,0.0006956747164051454,0.0001140673989317,USCLL,2025-02-13 02:34:00,2025-02-13,13962,,,,2025,2,13,,-0.97073,-0.31724,1.02125,2.0
201,0.002048088466163076,0.00013399838925975,USCLL,2025-02-14 20:30:00,2025-02-14,13963,,,,2025,2,14,,-1.08685,-0.50862,1.19998,2.0
202,0.002062829244134992,0.0001516189448183,USCLL,2025-02-14 23:37:00,2025-02-14,13963,,,,2025,2,14,,-1.08685,-0.50862,1.19998,2.0
203,0.0017575673453760435,0.0001357401049222,USCLL,2025-02-18 20:31:00,2025-02-18,13967,,,,2025,2,18,,-1.70685,-0.39728,1.75247,2.0
204,0.0022476018542017086,0.0001781098778321,USCLL,2025-02-18 23:16:00,2025-02-18,13967,,,,2025,2,18,,-1.70685,-0.39728,1.75247,2.0
205,0.0022411321874557548,0.0001977008868132,USCLL,2025-07-01 18:04:00,2025-07-01,14100,0.7,-3.715,0.499,2025,7,1,,-0.2476,-0.38756,0.4599,1.0
206,0.0028178618446385605,0.0001147836362515,USCLL,2025-07-08 15:16:00,2025-07-08,14107,,,,2025,7,8,,0.63792,-0.11035,0.64739,7.0
207,0.0024472607161938682,0.00010460130047485,USCLL,2025-11-24 19:49:00,2025-11-24,14246,,,,2025,11,24,,-0.38142,-0.18778,0.42514,2.0
208,0.0005694535774234833,1.907751184224772e-05,USCLL,2026-01-17 23:21:00,2026-01-17,14300,,,,2026,1,17,,-0.98714,-0.19171,1.00558,2.0
209,0.000999043241137835,8.856223282427929e-05,USCLL,2026-01-22 20:38:00,2026-01-22,14305,,,,2026,1,22,,-0.61316,-0.79638,1.00508,1.0
210,0.001025131288113306,0.00010477498776679999,USCLL,2026-01-22 23:34:00,2026-01-22,14305,,,,2026,1,22,,-0.61316,-0.79638,1.00508,1.0
211,0.0011715325170268834,0.0001250387182695,USCLL,2026-01-23 02:38:00,2026-01-23,14306,,,,2026,1,23,,-0.60898,-0.92758,1.10962,1.0
212,0.0020414691033691762,0.0002557698633953,USCLL,2026-01-23 20:31:00,2026-01-23,14306,,,,2026,1,23,,-0.60898,-0.92758,1.10962,1.0
213,0.0019352698966844883,0.0001549370808677,USCLL,2026-01-23 23:31:00,2026-01-23,14306,,,,2026,1,23,,-0.60898,-0.92758,1.10962,1.0
214,0.002108184621815834,0.0002664017378367,USCLL,2026-01-24 02:32:00,2026-01-24,14307,,,,2026,1,24,,-0.67349,-1.07723,1.27043,1.0
215,0.0017439051480300405,0.00011087404708545,USCLL,2026-01-24 17:38:00,2026-01-24,14307,,,,2026,1,24,,-0.67349,-1.07723,1.27043,1.0
216,0.0019829033636181432,0.00025951415465470004,USCLL,2026-01-24 20:32:00,2026-01-24,14307,,,,2026,1,24,,-0.67349,-1.07723,1.27043,1.0
217,0.0015939800682127348,0.0002473420566917,USCLL,2026-02-03 20:33:00,2026-02-03,14317,,,,2026,2,3,,-0.35812,-1.00387,1.06584,1.0
218,0.0013926178844056187,9.706004452307152e-05,USCLL,2026-02-03 23:29:00,2026-02-03,14317,,,,2026,2,3,,-0.35812,-1.00387,1.06584,1.0
219,0.0013071416790536381,4.297087954619014e-05,USCLL,2026-02-04 02:34:00,2026-02-04,14318,,,,2026,2,4,,-0.05081,-0.7824,0.78405,1.0
220,0.0006834999449672227,9.29797779614418e-06,USCLL,2026-02-04 20:39:00,2026-02-04,14318,,,,2026,2,4,,-0.05081,-0.7824,0.78405,1.0
221,0.0006092039202383576,6.609235743839264e-06,USCLL,2026-02-04 23:32:00,2026-02-04,14318,,,,2026,2,4,,-0.05081,-0.7824,0.78405,1.0
222,0.0006589304071622484,4.280781543588974e-06,USCLL,2026-02-05 02:33:00,2026-02-05,14319,,,,2026,2,5,,0.26475,-0.54485,0.60576,8.0
223,0.00037709917543016355,2.3030704153603608e-05,USCLL,2026-02-05 20:30:00,2026-02-05,14319,,,,2026,2,5,,0.26475,-0.54485,0.60576,8.0
224,0.00044501813337198673,8.713959488577891e-05,USCLL,2026-02-05 23:30:00,2026-02-05,14319,,,,2026,2,5,,0.26475,-0.54485,0.60576,8.0
225,0.0005876526274435556,8.565696075141904e-05,USCLL,2026-02-06 02:37:00,2026-02-06,14320,,,,2026,2,6,,0.53439,-0.32387,0.62487,7.0
226,0.001629967574041023,0.0002276612461441,USCLL,2026-02-13 20:36:00,2026-02-13,14327,,,,2026,2,13,,1.83638,1.41198,2.31645,6.0
227,0.0017694171720813183,0.0002568936154392,USCLL,2026-02-13 23:30:00,2026-02-13,14327,,,,2026,2,13,,1.83638,1.41198,2.31645,6.0
228,0.0019427699226467878,0.0002829859772429,USCLL,2026-02-14 02:31:00,2026-02-14,14328,,,,2026,2,14,,1.99745,1.38781,2.43225,6.0
229,0.0019801110734616297,1.3848509532965191e-05,USCLL,2026-02-14 17:30:00,2026-02-14,14328,,,,2026,2,14,,1.99745,1.38781,2.43225,6.0
230,0.0025775128655738354,0.00030233390569855,USCLL,2026-02-14 20:28:00,2026-02-14,14328,,,,2026,2,14,,1.99745,1.38781,2.43225,6.0
231,0.0008051177603877449,6.0680301530314465e-05,USCLL,2026-02-15 20:30:00,2026-02-15,14329,,,,2026,2,15,,2.16909,1.36455,2.56261,6.0
232,0.0007289977281091107,4.929066581778397e-05,USCLL,2026-02-15 23:30:00,2026-02-15,14329,,,,2026,2,15,,2.16909,1.36455,2.56261,6.0
233,0.0006865558892154397,5.2562382346042606e-05,USCLL,2026-02-16 02:30:00,2026-02-16,14330,,,,2026,2,16,,2.31519,1.28031,2.64562,6.0
234,0.000576309009739437,7.776495493285997e-05,USCLL,2026-02-16 20:37:00,2026-02-16,14330,,,,2026,2,16,,2.31519,1.28031,2.64562,6.0
235,0.0006221063622310546,7.815097511704335e-05,USCLL,2026-02-16 23:31:00,2026-02-16,14330,,,,2026,2,16,,2.31519,1.28031,2.64562,6.0
236,0.0005361912211165514,4.3147252769301e-05,USCLL,2026-02-17 02:30:00,2026-02-17,14331,,,,2026,2,17,,2.4122,1.10941,2.65509,6.0
237,0.0013502076540331286,0.0003638855366804,USCLL,2026-02-17 20:39:00,2026-02-17,14331,,,,2026,2,17,,2.4122,1.10941,2.65509,6.0
238,0.0010787794728469564,0.0003136543309379,USCLL,2026-02-17 23:30:00,2026-02-17,14331,,,,2026,2,17,,2.4122,1.10941,2.65509,6.0
239,0.0010861540443634682,0.00025110177402765,USCLL,2026-02-18 02:33:00,2026-02-18,14332,,,,2026,2,18,,2.21633,0.83069,2.36689,6.0
240,0.001266054552033262,9.130219946020684e-05,USCLL,2026-02-19 23:26:00,2026-02-19,14333,,,,2026,2,19,,2.079,0.71975,2.20007,6.0
241,0.001659465720750263,0.0001399887930772,USCLL,2026-02-20 20:31:00,2026-02-20,14334,,,,2026,2,20,,1.85618,0.62505,1.95859,6.0
242,0.001404171241331258,0.0001458259892324,USCLL,2026-02-20 23:31:00,2026-02-20,14334,,,,2026,2,20,,1.85618,0.62505,1.95859,6.0
243,0.0012001893372729203,0.0001161396954764,USCLL,2026-02-21 02:31:00,2026-02-21,14335,,,,2026,2,21,,1.54676,0.63,1.67013,6.0
244,0.0010159817401232136,5.2764698049743075e-05,USCLL,2026-03-02 23:32:00,2026-03-02,14344,,,,2026,3,2,,-1.12483,0.83412,1.40036,3.0
245,0.0020718681428185596,4.948167984133973e-05,USCLL,2026-03-06 20:33:00,2026-03-06,14348,,,,2026,3,6,,-1.22914,0.61303,1.37353,3.0
246,0.0013124971993917353,3.307524195690089e-05,USCLL,2026-03-15 20:31:00,2026-03-15,14357,,,,2026,3,15,,-1.41661,-1.07215,1.7766,2.0
247,0.0010335903280513903,4.787860745965093e-05,USCLL,2026-03-15 23:20:00,2026-03-15,14357,,,,2026,3,15,,-1.41661,-1.07215,1.7766,2.0
248,0.0004896455485153609,0.00010581828656185,USCOU,2025-01-29 21:07:00,2025-01-29,13947,,,,2025,1,29,,0.72994,1.45193,1.62509,5.0
249,0.000618125409217388,1.2966722739066327e-05,USCOU,2025-02-03 20:53:00,2025-02-03,13952,,,,2025,2,3,,-0.02948,1.37047,1.37078,4.0
250,0.0006635871196087577,3.113008523989559e-05,USCOU,2025-02-03 23:31:00,2025-02-03,13952,,,,2025,2,3,,-0.02948,1.37047,1.37078,4.0
251,0.0010678931293977949,0.0003243395396049,USCOU,2025-02-04 02:51:00,2025-02-04,13953,,,,2025,2,4,,-0.24224,1.25398,1.27717,4.0
252,0.0004180776159999996,8.089432332865585e-06,USCOU,2025-02-06 20:29:00,2025-02-06,13955,,,,2025,2,6,,-0.53832,1.02953,1.16177,4.0
253,0.00046763281085921793,2.2985334867928177e-05,USCOU,2025-02-06 23:31:00,2025-02-06,13955,,,,2025,2,6,,-0.53832,1.02953,1.16177,4.0
254,0.00032271507148467696,1.075105318565254e-05,USCOU,2025-02-07 02:32:00,2025-02-07,13956,,,,2025,2,7,,-0.61283,0.87894,1.07149,4.0
255,0.0014751657572975166,0.0001294933281689,USCOU,2025-07-01 18:00:00,2025-07-01,14100,0.7,-3.715,0.499,2025,7,1,,-0.2476,-0.38756,0.4599,1.0
256,0.0002926598193680199,4.8123361409445285e-05,USCOU,2026-01-22 21:00:00,2026-01-22,14305,,,,2026,1,22,,-0.61316,-0.79638,1.00508,1.0
257,0.0004639951736247652,0.0001407678394646,USCOU,2026-01-23 00:00:00,2026-01-23,14306,,,,2026,1,23,,-0.60898,-0.92758,1.10962,1.0
258,0.00031442359360550945,3.532506467289579e-05,USCOU,2026-01-23 03:00:00,2026-01-23,14306,,,,2026,1,23,,-0.60898,-0.92758,1.10962,1.0
259,0.0003445907929050978,0.00015715966386755,USCOU,2026-01-23 21:00:00,2026-01-23,14306,,,,2026,1,23,,-0.60898,-0.92758,1.10962,1.0
260,0.0003455319494933206,0.0001153393701243,USCOU,2026-01-24 00:00:00,2026-01-24,14307,,,,2026,1,24,,-0.67349,-1.07723,1.27043,1.0
261,0.00038307811686317535,9.433902149346393e-05,USCOU,2026-01-24 03:00:00,2026-01-24,14307,,,,2026,1,24,,-0.67349,-1.07723,1.27043,1.0
262,0.0005350949931366132,3.609203544987419e-05,USCOU,2026-02-03 21:00:00,2026-02-03,14317,,,,2026,2,3,,-0.35812,-1.00387,1.06584,1.0
263,0.0004682117648146717,1.90809351070945e-05,USCOU,2026-02-04 00:00:00,2026-02-04,14318,,,,2026,2,4,,-0.05081,-0.7824,0.78405,1.0
264,0.0004961083205125954,2.9047052482217524e-05,USCOU,2026-02-04 03:00:00,2026-02-04,14318,,,,2026,2,4,,-0.05081,-0.7824,0.78405,1.0
265,0.0003610816280961366,1.632606547053643e-05,USCOU,2026-02-04 21:00:00,2026-02-04,14318,,,,2026,2,4,,-0.05081,-0.7824,0.78405,1.0
266,0.00033364156652357753,9.841526976202514e-06,USCOU,2026-02-05 00:00:00,2026-02-05,14319,,,,2026,2,5,,0.26475,-0.54485,0.60576,8.0
267,0.0003239348272621426,3.1059691447369225e-05,USCOU,2026-02-05 03:00:00,2026-02-05,14319,,,,2026,2,5,,0.26475,-0.54485,0.60576,8.0
268,0.0008425965962784243,0.0002449854836875,USCOU,2026-02-05 21:00:00,2026-02-05,14319,,,,2026,2,5,,0.26475,-0.54485,0.60576,8.0
269,0.0006022963180019076,6.339412566956996e-05,USCOU,2026-02-06 00:00:00,2026-02-06,14320,,,,2026,2,6,,0.53439,-0.32387,0.62487,7.0
270,0.0005242210775064375,2.773439693730189e-05,USCOU,2026-02-06 03:00:00,2026-02-06,14320,,,,2026,2,6,,0.53439,-0.32387,0.62487,7.0
271,0.0005181817460291154,2.905140095540289e-05,USCOU,2026-02-13 21:00:00,2026-02-13,14327,,,,2026,2,13,,1.83638,1.41198,2.31645,6.0
272,0.000655574723169219,5.877500652375677e-05,USCOU,2026-02-14 00:00:00,2026-02-14,14328,,,,2026,2,14,,1.99745,1.38781,2.43225,6.0
273,0.000744454032537228,0.0001074332208796,USCOU,2026-02-14 03:00:00,2026-02-14,14328,,,,2026,2,14,,1.99745,1.38781,2.43225,6.0
274,0.0015724570196163972,0.00011742437484465001,USCOU,2026-02-14 21:00:00,2026-02-14,14328,,,,2026,2,14,,1.99745,1.38781,2.43225,6.0
275,0.0021112412741007515,0.00039515851091915,USCOU,2026-02-15 00:00:00,2026-02-15,14329,,,,2026,2,15,,2.16909,1.36455,2.56261,6.0
276,0.0006359435553173582,3.4738606454833236e-05,USCOU,2026-02-15 21:00:00,2026-02-15,14329,,,,2026,2,15,,2.16909,1.36455,2.56261,6.0
277,0.000559862848341378,5.656338112295754e-05,USCOU,2026-02-16 00:00:00,2026-02-16,14330,,,,2026,2,16,,2.31519,1.28031,2.64562,6.0
278,0.0005734886810264022,5.6686331052433465e-05,USCOU,2026-02-16 03:00:00,2026-02-16,14330,,,,2026,2,16,,2.31519,1.28031,2.64562,6.0
279,0.0005062371348001659,8.634300848770645e-06,USCOU,2026-02-21 12:00:00,2026-02-21,14335,,,,2026,2,21,,1.54676,0.63,1.67013,6.0
280,0.0004363838700715435,9.486790752574487e-06,USCOU,2026-02-21 18:00:00,2026-02-21,14335,,,,2026,2,21,,1.54676,0.63,1.67013,6.0
281,0.00043079277395291737,8.407399105039504e-05,USCOU,2026-03-01 12:00:00,2026-03-01,14343,,,,2026,3,1,,-1.02355,0.80168,1.30013,3.0
282,0.0007713029222236398,8.940226024605109e-05,USCOU,2026-03-01 21:00:00,2026-03-01,14343,,,,2026,3,1,,-1.02355,0.80168,1.30013,3.0
283,0.0048414070767339775,0.0048546307287644,USCOU,2026-03-02 00:00:00,2026-03-02,14344,,,,2026,3,2,,-1.12483,0.83412,1.40036,3.0
284,0.002334121492143475,0.00035352525724540004,USCOU,2026-03-06 21:00:00,2026-03-06,14348,,,,2026,3,6,,-1.22914,0.61303,1.37353,3.0
285,0.0016314445777763401,3.196155429323114e-05,USCOU,2026-03-10 18:00:00,2026-03-10,14352,,,,2026,3,10,,-1.40194,0.00433,1.40195,3.0
286,0.0016264101594037474,5.099706983669964e-05,USCOU,2026-03-10 21:00:00,2026-03-10,14352,,,,2026,3,10,,-1.40194,0.00433,1.40195,3.0
287,0.0009284250293362966,0.0002682639404078,USCOU,2026-03-14 12:00:00,2026-03-14,14356,,,,2026,3,14,,-1.48966,-0.91032,1.74579,2.0
288,0.0005540962579667035,8.36142919650619e-06,USIUB,2026-02-21 19:08:00,2026-02-21,14335,,,,2026,2,21,,1.54676,0.63,1.67013,6.0
289,0.00034326124295353054,1.059126964960401e-05,USIUB,2026-02-22 15:28:00,2026-02-22,14336,,,,2026,2,22,,1.20875,0.71691,1.40536,6.0
290,0.00029188009980426626,1.2588324441937246e-06,USIUB,2026-02-22 18:21:00,2026-02-22,14336,,,,2026,2,22,,1.20875,0.71691,1.40536,6.0
291,0.00041414879564584774,3.552485136988062e-05,USIUB,2026-02-22 21:01:00,2026-02-22,14336,,,,2026,2,22,,1.20875,0.71691,1.40536,6.0
292,0.0004605559793849676,1.1835627395582504e-05,USIUB,2026-02-27 17:07:00,2026-02-27,14341,,,,2026,2,27,,-0.70596,0.77116,1.0455,4.0
293,0.0009295049731168857,3.627007139412418e-05,USIUB,2026-03-02 23:30:00,2026-03-02,14344,,,,2026,3,2,,-1.12483,0.83412,1.40036,3.0
294,0.0012320356861962802,3.5997291896652887e-05,USIUB,2026-03-06 23:28:00,2026-03-06,14348,,,,2026,3,6,,-1.22914,0.61303,1.37353,3.0
295,0.0011558882772271628,9.792274448947555e-06,USIUB,2026-03-10 17:47:00,2026-03-10,14352,,,,2026,3,10,,-1.40194,0.00433,1.40195,3.0
296,0.0011934191091217373,1.1080114424307185e-05,USIUB,2026-03-10 23:42:00,2026-03-10,14352,,,,2026,3,10,,-1.40194,0.00433,1.40195,3.0
297,0.000850407169385966,7.853418055662039e-05,USIUB,2026-03-25 17:34:00,2026-03-25,14367,,,,2026,3,25,,-0.27636,-1.53758,1.56222,1.0
298,0.0016332307473945575,0.0001622679654811,USIUB,2026-03-26 23:22:00,2026-03-26,14368,,,,2026,3,26,,-0.12827,-1.64049,1.64549,1.0
299,0.0016533615955961606,7.52128052583233e-05,USIUB,2026-03-27 11:32:00,2026-03-27,14369,,,,2026,3,27,,-0.06686,-1.72246,1.72376,1.0
300,0.0017960127174321727,0.0003973441586874,USIUB,2026-04-02 23:20:00,2026-04-02,14375,,,,2026,4,2,,0.15454,-1.70402,1.71101,8.0
301,-697.014137994399,0.0035980628576209,USOHS,2026-01-14 09:29:00,2026-01-14,14297,,,,2026,1,14,,-1.52911,-0.13049,1.53466,2.0
302,-697.0169014486947,0.0008780946157894,USOHS,2026-01-22 00:48:00,2026-01-22,14305,,,,2026,1,22,,-0.61316,-0.79638,1.00508,1.0
303,-397.10487424046806,0.0008718423057871,USOHS,2026-01-22 21:16:00,2026-01-22,14305,,,,2026,1,22,,-0.61316,-0.79638,1.00508,1.0
304,-1311.4927026908115,0.0013892046665248,USOHS,2026-01-23 03:20:00,2026-01-23,14306,,,,2026,1,23,,-0.60898,-0.92758,1.10962,1.0
305,-273.8278219911585,0.0006514461618541501,USOHS,2026-01-23 21:06:00,2026-01-23,14306,,,,2026,1,23,,-0.60898,-0.92758,1.10962,1.0
306,-3322.4507523335383,0.00079166544581885,USOHS,2026-01-24 00:01:00,2026-01-24,14307,,,,2026,1,24,,-0.67349,-1.07723,1.27043,1.0
307,-424.1422954873257,0.0005573590551551,USOHS,2026-01-24 03:15:00,2026-01-24,14307,,,,2026,1,24,,-0.67349,-1.07723,1.27043,1.0
308,-732.8922237996946,0.0017332346068,USOHS,2026-01-24 23:57:00,2026-01-24,14307,,,,2026,1,24,,-0.67349,-1.07723,1.27043,1.0
309,-1083.4056500630074,0.0027005821978356498,USOHS,2026-02-03 21:13:00,2026-02-03,14317,,,,2026,2,3,,-0.35812,-1.00387,1.06584,1.0
310,-353.4512397852577,0.0007777731707209,USOHS,2026-02-04 00:04:00,2026-02-04,14318,,,,2026,2,4,,-0.05081,-0.7824,0.78405,1.0
311,-298.4232671174289,0.00012281499061345,USOHS,2026-02-04 03:22:00,2026-02-04,14318,,,,2026,2,4,,-0.05081,-0.7824,0.78405,1.0
312,-378.98628701546073,0.0003435574318856,USOHS,2026-02-04 23:57:00,2026-02-04,14318,,,,2026,2,4,,-0.05081,-0.7824,0.78405,1.0
313,-341.3472101676061,0.0003494665605122,USOHS,2026-02-05 03:00:00,2026-02-05,14319,,,,2026,2,5,,0.26475,-0.54485,0.60576,8.0
314,-866.7251672182073,0.0015314686292206,USOHS,2026-02-05 21:27:00,2026-02-05,14319,,,,2026,2,5,,0.26475,-0.54485,0.60576,8.0
315,-410.17781699839907,0.0014645823953094,USOHS,2026-02-06 03:00:00,2026-02-06,14320,,,,2026,2,6,,0.53439,-0.32387,0.62487,7.0
316,-2897.4852115701356,0.0016573744755281,USOHS,2026-02-13 20:50:00,2026-02-13,14327,,,,2026,2,13,,1.83638,1.41198,2.31645,6.0
317,-2076.528800797198,0.00358630838957195,USOHS,2026-02-14 00:00:00,2026-02-14,14328,,,,2026,2,14,,1.99745,1.38781,2.43225,6.0
318,-803.816253025972,0.0023693297044668,USOHS,2026-02-14 03:00:00,2026-02-14,14328,,,,2026,2,14,,1.99745,1.38781,2.43225,6.0
319,-12122.457348030592,0.00045104190893405,USOHS,2026-02-14 20:54:00,2026-02-14,14328,,,,2026,2,14,,1.99745,1.38781,2.43225,6.0
320,-6603.62924677013,0.0007501008534973,USOHS,2026-02-15 00:10:00,2026-02-15,14329,,,,2026,2,15,,2.16909,1.36455,2.56261,6.0
321,-431.48488083799435,0.0021241323560563,USOHS,2026-02-15 03:00:00,2026-02-15,14329,,,,2026,2,15,,2.16909,1.36455,2.56261,6.0
322,-5580.178047659288,0.0003034625033286,USOHS,2026-02-15 20:34:00,2026-02-15,14329,,,,2026,2,15,,2.16909,1.36455,2.56261,6.0
323,-9350.6110643412,9.162790603169584e-05,USOHS,2026-02-16 00:03:00,2026-02-16,14330,,,,2026,2,16,,2.31519,1.28031,2.64562,6.0
324,-498.3651378247958,0.00220657712766815,USOHS,2026-02-16 03:00:00,2026-02-16,14330,,,,2026,2,16,,2.31519,1.28031,2.64562,6.0
325,-228.08448540318741,0.000726056547967,USOHS,2026-02-16 21:12:00,2026-02-16,14330,,,,2026,2,16,,2.31519,1.28031,2.64562,6.0
326,-254.9180188319639,0.0008707457483005,USOHS,2026-02-16 23:59:00,2026-02-16,14330,,,,2026,2,16,,2.31519,1.28031,2.64562,6.0
327,-403.53449199710496,0.0011453890634122,USOHS,2026-02-17 03:22:00,2026-02-17,14331,,,,2026,2,17,,2.4122,1.10941,2.65509,6.0
328,-365.1020351339613,0.001598289925322,USOHS,2026-02-17 21:07:00,2026-02-17,14331,,,,2026,2,17,,2.4122,1.10941,2.65509,6.0
329,-231.79705372971299,0.0010720137546543999,USOHS,2026-02-18 00:07:00,2026-02-18,14332,,,,2026,2,18,,2.21633,0.83069,2.36689,6.0
330,-803.816253025972,0.0023693297044668,USOHS,2026-02-18 03:06:00,2026-02-18,14332,,,,2026,2,18,,2.21633,0.83069,2.36689,6.0
331,-256.22784422100756,0.0008891600942252,USOHS,2026-02-19 21:04:00,2026-02-19,14333,,,,2026,2,19,,2.079,0.71975,2.20007,6.0
332,-6072.546025472361,0.00109901288779945,USOHS,2026-02-19 23:52:00,2026-02-19,14333,,,,2026,2,19,,2.079,0.71975,2.20007,6.0
333,-566.3247375650503,0.00270279386992825,USOHS,2026-02-20 21:06:00,2026-02-20,14334,,,,2026,2,20,,1.85618,0.62505,1.95859,6.0
334,-295.76614318400317,0.0002379302844917,USOHS,2026-02-21 00:16:00,2026-02-21,14335,,,,2026,2,21,,1.54676,0.63,1.67013,6.0
335,-336.7339266478875,0.00027811770603985,USOHS,2026-02-21 03:02:00,2026-02-21,14335,,,,2026,2,21,,1.54676,0.63,1.67013,6.0
336,-238.45265879125463,0.0006910292498623,USOHS,2026-03-02 00:14:00,2026-03-02,14344,,,,2026,3,2,,-1.12483,0.83412,1.40036,3.0
337,-197.761950818767,0.0007932240941033999,USOHS,2026-03-06 21:16:00,2026-03-06,14348,,,,2026,3,6,,-1.22914,0.61303,1.37353,3.0
338,-1823.2938164235345,0.00116859076683045,USOHS,2026-03-07 00:00:00,2026-03-07,14349,,,,2026,3,7,,-1.25618,0.53825,1.36663,3.0
339,-336.7339266478875,0.00027811770603985,USOHS,2026-03-07 03:00:00,2026-03-07,14349,,,,2026,3,7,,-1.25618,0.53825,1.36663,3.0
340,-300.21915605362483,0.0012055967363981,USOHS,2026-03-15 23:39:00,2026-03-15,14357,,,,2026,3,15,,-1.41661,-1.07215,1.7766,2.0
341,-401.90799660606325,0.00045947303309155,USOSU,2025-02-03 21:03:00,2025-02-03,13952,,,,2025,2,3,,-0.02948,1.37047,1.37078,4.0
342,-717.0732364950105,0.0027333502279355,USOSU,2025-02-03 23:55:00,2025-02-03,13952,,,,2025,2,3,,-0.02948,1.37047,1.37078,4.0
343,-547.6547990429643,0.0022666390511802,USOSU,2025-02-04 02:55:00,2025-02-04,13953,,,,2025,2,4,,-0.24224,1.25398,1.27717,4.0
344,-431.48566973938887,0.0010438406317041,USOSU,2025-02-04 20:44:00,2025-02-04,13953,,,,2025,2,4,,-0.24224,1.25398,1.27717,4.0
345,-467.94923890255996,0.001640550997183,USOSU,2025-02-04 23:52:00,2025-02-04,13953,,,,2025,2,4,,-0.24224,1.25398,1.27717,4.0
346,-427.7817461856282,0.001677206224556,USOSU,2025-02-05 02:43:00,2025-02-05,13954,,,,2025,2,5,,-0.40738,1.14776,1.21791,4.0
347,-766.7167659513241,0.0025368679291572997,USOSU,2025-02-05 20:58:00,2025-02-05,13954,,,,2025,2,5,,-0.40738,1.14776,1.21791,4.0
348,-579.4951658171974,0.0018387528493877502,USOSU,2025-02-06 00:06:00,2025-02-06,13955,,,,2025,2,6,,-0.53832,1.02953,1.16177,4.0
349,-463.59588876622814,0.0013422868242733,USOSU,2025-02-06 02:49:00,2025-02-06,13955,,,,2025,2,6,,-0.53832,1.02953,1.16177,4.0
350,-232.88076930352662,0.0008533786580674999,USOSU,2025-02-06 20:53:00,2025-02-06,13955,,,,2025,2,6,,-0.53832,1.02953,1.16177,4.0
351,-304.81040027530344,0.0012487711488442,USOSU,2025-02-06 23:59:00,2025-02-06,13955,,,,2025,2,6,,-0.53832,1.02953,1.16177,4.0
352,-301.12686373364966,0.0011534520691228,USOSU,2025-02-07 03:24:00,2025-02-07,13956,,,,2025,2,7,,-0.61283,0.87894,1.07149,4.0
353,-300.220782252534,0.0005881530366792,USOSU,2025-02-12 23:49:00,2025-02-12,13961,,,,2025,2,12,,-0.9387,-0.11252,0.94542,2.0
354,-313.437969303575,0.0004827616476185,USOSU,2025-02-13 03:00:00,2025-02-13,13962,,,,2025,2,13,,-0.97073,-0.31724,1.02125,2.0
355,-289.7471188818257,0.0006577444464848,USOSU,2025-02-14 20:48:00,2025-02-14,13963,,,,2025,2,14,,-1.08685,-0.50862,1.19998,2.0
356,-1954.3787218108316,0.0045302229100556,USOSU,2025-02-15 00:22:00,2025-02-15,13964,,,,2025,2,15,,-1.28628,-0.58378,1.41256,2.0
357,-340.17960823757215,0.0033011456983425,USOSU,2025-02-22 14:59:00,2025-02-22,13971,,,,2025,2,22,,-1.74021,-0.18502,1.75001,2.0
358,-288.07055767913124,0.0024146419454779498,USOSU,2025-02-22 18:05:00,2025-02-22,13971,,,,2025,2,22,,-1.74021,-0.18502,1.75001,2.0
359,-1384.3482283482517,0.00650768448623245,USOSU,2025-02-22 20:49:00,2025-02-22,13971,,,,2025,2,22,,-1.74021,-0.18502,1.75001,2.0
360,-859.2473280628004,0.0069016688918476,USOSU,2025-02-23 17:52:00,2025-02-23,13972,,,,2025,2,23,,-1.58686,-0.3289,1.62058,2.0
361,-2931.5654302372122,0.01038487825316755,USOSU,2025-02-23 20:54:00,2025-02-23,13972,,,,2025,2,23,,-1.58686,-0.3289,1.62058,2.0
362,0.00032310710944747083,7.968502022438866e-05,USOSU,2026-01-21 23:19:00,2026-01-21,14304,,,,2026,1,21,,-0.65729,-0.62936,0.91001,2.0
363,0.0005506015178173947,0.00014218341239349998,USOSU,2026-01-22 20:41:00,2026-01-22,14305,,,,2026,1,22,,-0.61316,-0.79638,1.00508,1.0
364,0.0007939930718742763,4.158064713089012e-05,USOSU,2026-01-22 23:37:00,2026-01-22,14305,,,,2026,1,22,,-0.61316,-0.79638,1.00508,1.0
365,0.000908468110726547,6.221829450327479e-05,USOSU,2026-01-23 02:27:00,2026-01-23,14306,,,,2026,1,23,,-0.60898,-0.92758,1.10962,1.0
366,0.0005649534258630072,4.059487592102069e-05,USOSU,2026-01-23 20:37:00,2026-01-23,14306,,,,2026,1,23,,-0.60898,-0.92758,1.10962,1.0
367,0.0003879685703711625,4.098647920011346e-05,USOSU,2026-01-23 23:37:00,2026-01-23,14306,,,,2026,1,23,,-0.60898,-0.92758,1.10962,1.0
368,0.00026666462263567214,4.075367839376981e-05,USOSU,2026-01-24 02:33:00,2026-01-24,14307,,,,2026,1,24,,-0.67349,-1.07723,1.27043,1.0
369,0.00030091617745705277,8.434001079675948e-05,USOSU,2026-01-24 20:47:00,2026-01-24,14307,,,,2026,1,24,,-0.67349,-1.07723,1.27043,1.0
370,0.0006763445092735174,0.0001726231279239,USOSU,2026-01-27 20:21:00,2026-01-27,14310,,,,2026,1,27,,-1.07223,-1.53633,1.8735,1.0
371,0.0008292555130190119,9.241525668035282e-05,USOSU,2026-01-27 23:12:00,2026-01-27,14310,,,,2026,1,27,,-1.07223,-1.53633,1.8735,1.0
372,0.0009066856052670571,5.460438303442692e-05,USOSU,2026-01-28 03:15:00,2026-01-28,14311,,,,2026,1,28,,-1.07215,-1.51496,1.85596,1.0
373,0.000804014896214548,0.0001167441175413,USOSU,2026-02-03 20:48:00,2026-02-03,14317,,,,2026,2,3,,-0.35812,-1.00387,1.06584,1.0
374,0.0009935388438999705,0.0002253386516741,USOSU,2026-02-03 23:40:00,2026-02-03,14317,,,,2026,2,3,,-0.35812,-1.00387,1.06584,1.0
375,0.0009500965583900265,0.00032094612314794997,USOSU,2026-02-04 02:40:00,2026-02-04,14318,,,,2026,2,4,,-0.05081,-0.7824,0.78405,1.0
376,0.0004079085782535205,2.567647011704525e-05,USOSU,2026-02-04 21:03:00,2026-02-04,14318,,,,2026,2,4,,-0.05081,-0.7824,0.78405,1.0
377,0.00031368628593214686,2.449841138908107e-05,USOSU,2026-02-04 23:55:00,2026-02-04,14318,,,,2026,2,4,,-0.05081,-0.7824,0.78405,1.0
378,0.00035670220215961275,2.6527667755845337e-05,USOSU,2026-02-05 02:33:00,2026-02-05,14319,,,,2026,2,5,,0.26475,-0.54485,0.60576,8.0
379,0.0005069924578594912,4.655762908889436e-05,USOSU,2026-02-05 20:40:00,2026-02-05,14319,,,,2026,2,5,,0.26475,-0.54485,0.60576,8.0
380,0.0005936025808924822,0.0001551920842094,USOSU,2026-02-05 23:32:00,2026-02-05,14319,,,,2026,2,5,,0.26475,-0.54485,0.60576,8.0
381,0.0005730783452471281,0.0001215769919661,USOSU,2026-02-06 02:35:00,2026-02-06,14320,,,,2026,2,6,,0.53439,-0.32387,0.62487,7.0
382,0.0008473332892594431,5.4389318452019546e-05,USOSU,2026-02-13 20:37:00,2026-02-13,14327,,,,2026,2,13,,1.83638,1.41198,2.31645,6.0
383,0.0008645260661784049,5.115618858860164e-05,USOSU,2026-02-13 23:25:00,2026-02-13,14327,,,,2026,2,13,,1.83638,1.41198,2.31645,6.0
384,0.0008447232255223637,6.327764428866484e-05,USOSU,2026-02-14 02:59:00,2026-02-14,14328,,,,2026,2,14,,1.99745,1.38781,2.43225,6.0
385,0.0009678766483252107,4.8353084846179835e-05,USOSU,2026-02-14 20:44:00,2026-02-14,14328,,,,2026,2,14,,1.99745,1.38781,2.43225,6.0
386,0.0009429875269265602,1.2575277844267058e-05,USOSU,2026-02-15 20:44:00,2026-02-15,14329,,,,2026,2,15,,2.16909,1.36455,2.56261,6.0
387,0.001012576679641989,7.865202115229654e-05,USOSU,2026-02-15 23:39:00,2026-02-15,14329,,,,2026,2,15,,2.16909,1.36455,2.56261,6.0
388,0.0008363756405476458,4.49682360159803e-05,USOSU,2026-02-16 02:46:00,2026-02-16,14330,,,,2026,2,16,,2.31519,1.28031,2.64562,6.0
389,0.0008364411766885358,3.3417681287394564e-05,USOSU,2026-02-16 20:26:00,2026-02-16,14330,,,,2026,2,16,,2.31519,1.28031,2.64562,6.0
390,0.0006090941125507461,4.967543661157277e-05,USOSU,2026-02-16 23:41:00,2026-02-16,14330,,,,2026,2,16,,2.31519,1.28031,2.64562,6.0
391,0.000559273141947495,5.787112109438731e-06,USOSU,2026-02-17 20:35:00,2026-02-17,14331,,,,2026,2,17,,2.4122,1.10941,2.65509,6.0
392,0.0004249926621361222,3.3039702507874687e-06,USOSU,2026-02-17 23:25:00,2026-02-17,14331,,,,2026,2,17,,2.4122,1.10941,2.65509,6.0
393,0.0005006820328502294,8.286412672979496e-06,USOSU,2026-02-18 02:59:00,2026-02-18,14332,,,,2026,2,18,,2.21633,0.83069,2.36689,6.0
394,0.000484271907391091,3.4480184973111794e-05,USOSU,2026-02-19 20:36:00,2026-02-19,14333,,,,2026,2,19,,2.079,0.71975,2.20007,6.0
395,0.0005351160958917643,5.886154482736675e-05,USOSU,2026-02-20 20:46:00,2026-02-20,14334,,,,2026,2,20,,1.85618,0.62505,1.95859,6.0
396,0.0005491171911636063,1.171744533517686e-05,USOSU,2026-02-21 23:45:00,2026-02-21,14335,,,,2026,2,21,,1.54676,0.63,1.67013,6.0
397,-264.3854349827084,0.000297568091972,USRAL,2025-02-13 00:00:00,2025-02-13,13962,,,,2025,2,13,,-0.97073,-0.31724,1.02125,2.0
398,-5164.429341369242,0.0009550566449318,USRAL,2025-09-18 18:12:00,2025-09-18,14179,,,,2025,9,18,,-0.67291,-0.40149,0.78358,2.0
399,-711.950997550402,0.0028301806722500003,USRAL,2026-01-22 16:06:00,2026-01-22,14305,,,,2026,1,22,,-0.61316,-0.79638,1.00508,1.0
400,-288.0725268439069,0.00087876672122225,USRAL,2026-01-23 03:04:00,2026-01-23,14306,,,,2026,1,23,,-0.60898,-0.92758,1.10962,1.0
401,-239.59815248380357,0.00172710775176415,USRAL,2026-01-23 18:54:00,2026-01-23,14306,,,,2026,1,23,,-0.60898,-0.92758,1.10962,1.0
402,-237.31650073723054,0.0012629983341145,USRAL,2026-02-03 16:04:00,2026-02-03,14317,,,,2026,2,3,,-0.35812,-1.00387,1.06584,1.0
403,-488.59325137347946,0.0025550784411356,USRAL,2026-02-03 19:01:00,2026-02-03,14317,,,,2026,2,3,,-0.35812,-1.00387,1.06584,1.0
404,-589.7811562863278,0.0034317954853334,USRAL,2026-02-03 21:51:00,2026-02-03,14317,,,,2026,2,3,,-0.35812,-1.00387,1.06584,1.0
405,-301.12567210132397,0.002569899941631,USRAL,2026-02-04 16:05:00,2026-02-04,14318,,,,2026,2,4,,-0.05081,-0.7824,0.78405,1.0
406,-325.7279486019026,0.00243807058078505,USRAL,2026-02-05 02:42:00,2026-02-05,14319,,,,2026,2,5,,0.26475,-0.54485,0.60576,8.0
407,-481.51274501632565,0.0020146910487914,USRAL,2026-02-05 20:58:00,2026-02-05,14319,,,,2026,2,5,,0.26475,-0.54485,0.60576,8.0
408,-906.1210457514462,0.0019697737042088,USRAL,2026-02-05 23:54:00,2026-02-05,14319,,,,2026,2,5,,0.26475,-0.54485,0.60576,8.0
409,-461.45079185056153,0.00047275760902575,USRAL,2026-02-06 03:03:00,2026-02-06,14320,,,,2026,2,6,,0.53439,-0.32387,0.62487,7.0
410,-262.2981822687366,0.0003472166965871,USRAL,2026-02-13 00:25:00,2026-02-13,14327,,,,2026,2,13,,1.83638,1.41198,2.31645,6.0
411,-1017.0754483654523,0.00184526707308455,USRAL,2026-02-13 20:41:00,2026-02-13,14327,,,,2026,2,13,,1.83638,1.41198,2.31645,6.0
412,-262.2981822687366,0.0003472166965871,USRAL,2026-02-14 00:25:00,2026-02-14,14328,,,,2026,2,14,,1.99745,1.38781,2.43225,6.0
413,-264.3854349827084,0.000297568091972,USRAL,2026-02-14 03:00:00,2026-02-14,14328,,,,2026,2,14,,1.99745,1.38781,2.43225,6.0
414,8573.647341947026,0.0008251237047583,USRAL,2026-02-14 23:39:00,2026-02-14,14328,,,,2026,2,14,,1.99745,1.38781,2.43225,6.0
415,8573.647341947026,0.0008251237047583,USRAL,2026-02-14 23:55:00,2026-02-14,14328,,,,2026,2,14,,1.99745,1.38781,2.43225,6.0
416,-296.6457686380711,0.00128888662805625,USRAL,2026-02-15 02:55:00,2026-02-15,14329,,,,2026,2,15,,2.16909,1.36455,2.56261,6.0
417,9940.401368489838,0.000738223114612,USRAL,2026-02-16 20:48:00,2026-02-16,14330,,,,2026,2,16,,2.31519,1.28031,2.64562,6.0
418,42976.627580476124,0.0004933642631397,USRAL,2026-02-16 23:58:00,2026-02-16,14330,,,,2026,2,16,,2.31519,1.28031,2.64562,6.0
419,-256.22906481660686,0.0006209179394478,USRAL,2026-02-17 02:55:00,2026-02-17,14331,,,,2026,2,17,,2.4122,1.10941,2.65509,6.0
420,-235.63179595422872,0.0015902219689384,USRAL,2026-02-19 01:18:00,2026-02-19,14333,,,,2026,2,19,,2.079,0.71975,2.20007,6.0
421,-611.486091777194,0.0081600620834872,USRAL,2026-02-19 21:09:00,2026-02-19,14333,,,,2026,2,19,,2.079,0.71975,2.20007,6.0
422,-343.6971202163235,0.0025256073891612,USRAL,2026-02-20 00:04:00,2026-02-20,14334,,,,2026,2,20,,1.85618,0.62505,1.95859,6.0
423,-193.1629051064374,0.0005279657459117499,USRAL,2026-03-06 20:56:00,2026-03-06,14348,,,,2026,3,6,,-1.22914,0.61303,1.37353,3.0
424,-220.51321530053397,0.00097861538598085,USRAL,2026-03-07 00:03:00,2026-03-07,14349,,,,2026,3,7,,-1.25618,0.53825,1.36663,3.0
425,0.0006805366646799294,6.851071207896941e-06,USSOM,2021-07-12 14:00:00,2021-07-12,12650,,,,2021,7,12,,0.76947,1.15385,1.38689,5.0
426,0.00017889635772860263,4.310461258111404e-05,USSOM,2026-01-18 06:00:00,2026-01-18,14301,,,,2026,1,18,,-0.86822,-0.22902,0.89792,2.0
427,0.00048342802319924704,9.37575067996743e-05,USSOM,2026-01-22 21:00:00,2026-01-22,14305,,,,2026,1,22,,-0.61316,-0.79638,1.00508,1.0
428,0.0005084219724143006,1.848044524680241e-05,USSOM,2026-01-23 03:00:00,2026-01-23,14306,,,,2026,1,23,,-0.60898,-0.92758,1.10962,1.0
429,0.0006997009690012588,2.353435321390713e-05,USSOM,2026-01-23 21:00:00,2026-01-23,14306,,,,2026,1,23,,-0.60898,-0.92758,1.10962,1.0
430,0.00031924220632713796,1.757174879366544e-05,USSOM,2026-02-03 21:30:00,2026-02-03,14317,,,,2026,2,3,,-0.35812,-1.00387,1.06584,1.0
431,0.0003312246405674951,1.3840451335082436e-05,USSOM,2026-02-04 03:00:00,2026-02-04,14318,,,,2026,2,4,,-0.05081,-0.7824,0.78405,1.0
432,0.0003593872807975765,4.524075073446316e-06,USSOM,2026-02-04 21:00:00,2026-02-04,14318,,,,2026,2,4,,-0.05081,-0.7824,0.78405,1.0
433,0.00048011845622809065,1.419827110422375e-05,USSOM,2026-02-05 03:00:00,2026-02-05,14319,,,,2026,2,5,,0.26475,-0.54485,0.60576,8.0
434,0.0003941219181404446,1.7764981337443723e-06,USSOM,2026-02-05 21:00:00,2026-02-05,14319,,,,2026,2,5,,0.26475,-0.54485,0.60576,8.0
435,0.0006457860158220266,1.254034333156152e-05,USSOM,2026-02-06 03:00:00,2026-02-06,14320,,,,2026,2,6,,0.53439,-0.32387,0.62487,7.0
436,0.000848567297519709,1.1260257883963518e-05,USSOM,2026-02-13 21:00:00,2026-02-13,14327,,,,2026,2,13,,1.83638,1.41198,2.31645,6.0
437,0.0012993884543352344,2.2918863796257144e-05,USSOM,2026-02-14 03:00:00,2026-02-14,14328,,,,2026,2,14,,1.99745,1.38781,2.43225,6.0
438,0.0017329025602975967,0.0001019271372411,USSOM,2026-02-14 21:00:00,2026-02-14,14328,,,,2026,2,14,,1.99745,1.38781,2.43225,6.0
439,0.0010841820489774182,2.136741271177977e-05,USSOM,2026-02-15 03:00:00,2026-02-15,14329,,,,2026,2,15,,2.16909,1.36455,2.56261,6.0
440,0.0002588191386428395,9.67579849436173e-06,USSOM,2026-02-15 21:00:00,2026-02-15,14329,,,,2026,2,15,,2.16909,1.36455,2.56261,6.0
441,0.0004036998873605963,2.1331954028046758e-05,USSOM,2026-02-16 03:00:00,2026-02-16,14330,,,,2026,2,16,,2.31519,1.28031,2.64562,6.0
442,0.00046375022302895606,1.2958195805549245e-05,USSOM,2026-02-16 21:00:00,2026-02-16,14330,,,,2026,2,16,,2.31519,1.28031,2.64562,6.0
443,0.000671292169316807,1.437267273260984e-05,USSOM,2026-02-17 03:00:00,2026-02-17,14331,,,,2026,2,17,,2.4122,1.10941,2.65509,6.0
444,0.0007565056622086682,3.142972147788476e-05,USSOM,2026-02-17 21:00:00,2026-02-17,14331,,,,2026,2,17,,2.4122,1.10941,2.65509,6.0
445,0.001249898346255415,0.0001420176339202,USSOM,2026-02-18 03:00:00,2026-02-18,14332,,,,2026,2,18,,2.21633,0.83069,2.36689,6.0
446,0.0002664364329676055,5.08593518018224e-06,USSOM,2026-02-20 21:00:00,2026-02-20,14334,,,,2026,2,20,,1.85618,0.62505,1.95859,6.0
447,0.00048146207683547076,1.3705092890504308e-05,USSOM,2026-02-21 03:00:00,2026-02-21,14335,,,,2026,2,21,,1.54676,0.63,1.67013,6.0
448,0.0011060300809817795,3.180072217976434e-05,USSOM,2026-03-02 03:00:00,2026-03-02,14344,,,,2026,3,2,,-1.12483,0.83412,1.40036,3.0
449,0.0008737274216774587,7.004048608425994e-06,USSOM,2026-03-06 23:00:00,2026-03-06,14348,,,,2026,3,6,,-1.22914,0.61303,1.37353,3.0
450,0.001291464227848032,1.3234667871504815e-05,USSOM,2026-03-07 03:00:00,2026-03-07,14349,,,,2026,3,7,,-1.25618,0.53825,1.36663,3.0
451,0.0009747162343479092,0.0010564475647968,USUND,2025-02-05 21:00:00,2025-02-05,13954,,,,2025,2,5,,-0.40738,1.14776,1.21791,4.0
452,0.0006092472548283701,6.091160376777518e-05,USUND,2025-02-06 00:00:00,2025-02-06,13955,,,,2025,2,6,,-0.53832,1.02953,1.16177,4.0
453,0.0006261717872808368,0.0006088102810303,USUND,2025-02-07 03:00:00,2025-02-07,13956,,,,2025,2,7,,-0.61283,0.87894,1.07149,4.0
454,0.00010984026383285684,7.261628354972461e-06,USUND,2025-02-12 21:00:00,2025-02-12,13961,,,,2025,2,12,,-0.9387,-0.11252,0.94542,2.0
455,0.0005012988176092398,0.0005224765314503,USUND,2025-02-13 00:00:00,2025-02-13,13962,,,,2025,2,13,,-0.97073,-0.31724,1.02125,2.0
456,0.0001502255323364612,5.191027094940775e-05,USUND,2025-02-13 03:00:00,2025-02-13,13962,,,,2025,2,13,,-0.97073,-0.31724,1.02125,2.0
457,0.0005055049181085594,0.0002248924103192,USUND,2025-02-14 21:00:00,2025-02-14,13963,,,,2025,2,14,,-1.08685,-0.50862,1.19998,2.0
458,4.969797749794307e-05,9.97481612092125e-06,USUND,2026-01-22 21:00:00,2026-01-22,14305,,,,2026,1,22,,-0.61316,-0.79638,1.00508,1.0
459,5.179027478685413e-05,1.6711852146922246e-05,USUND,2026-01-23 00:00:00,2026-01-23,14306,,,,2026,1,23,,-0.60898,-0.92758,1.10962,1.0
460,0.0013567207485086126,0.0006539121873708,USVAL,2025-02-03 20:31:00,2025-02-03,13952,,,,2025,2,3,,-0.02948,1.37047,1.37078,4.0
461,0.0010706206140343206,0.0001670763484186,USVAL,2025-02-03 23:26:00,2025-02-03,13952,,,,2025,2,3,,-0.02948,1.37047,1.37078,4.0
462,0.0011616736063408152,0.0002765566386722,USVAL,2025-02-04 02:20:00,2025-02-04,13953,,,,2025,2,4,,-0.24224,1.25398,1.27717,4.0
463,0.0006008504284625932,7.054286007196275e-05,USVAL,2025-02-04 21:19:00,2025-02-04,13953,,,,2025,2,4,,-0.24224,1.25398,1.27717,4.0
464,0.0005921051334271432,7.85313606302988e-05,USVAL,2025-02-04 23:31:00,2025-02-04,13953,,,,2025,2,4,,-0.24224,1.25398,1.27717,4.0
465,0.000648096852259681,0.0001276777874673,USVAL,2025-02-05 02:33:00,2025-02-05,13954,,,,2025,2,5,,-0.40738,1.14776,1.21791,4.0
466,0.00041496027445041717,2.936994394637e-05,USVAL,2025-02-05 20:30:00,2025-02-05,13954,,,,2025,2,5,,-0.40738,1.14776,1.21791,4.0
467,0.0006447667061270824,5.7106941522751655e-05,USVAL,2025-02-05 20:36:00,2025-02-05,13954,,,,2025,2,5,,-0.40738,1.14776,1.21791,4.0
468,0.0009854366558544058,8.270968975828914e-05,USVAL,2025-02-05 23:30:00,2025-02-05,13954,,,,2025,2,5,,-0.40738,1.14776,1.21791,4.0
469,0.0011835405093791164,5.60328064514491e-05,USVAL,2025-02-06 02:33:00,2025-02-06,13955,,,,2025,2,6,,-0.53832,1.02953,1.16177,4.0
470,0.00038024619645119124,7.685180978149854e-05,USVAL,2025-02-06 23:35:00,2025-02-06,13955,,,,2025,2,6,,-0.53832,1.02953,1.16177,4.0
471,0.00026067816391546315,9.24162600418637e-05,USVAL,2025-02-07 02:31:00,2025-02-07,13956,,,,2025,2,7,,-0.61283,0.87894,1.07149,4.0
472,0.0005839716732248436,1.0546443978570097e-05,USVAL,2025-02-12 20:34:00,2025-02-12,13961,,,,2025,2,12,,-0.9387,-0.11252,0.94542,2.0
473,0.000698111793659813,4.3845536107428576e-05,USVAL,2025-02-12 23:31:00,2025-02-12,13961,,,,2025,2,12,,-0.9387,-0.11252,0.94542,2.0
474,0.0007057785813212638,0.0001061948039932,USVAL,2025-02-13 02:31:00,2025-02-13,13962,,,,2025,2,13,,-0.97073,-0.31724,1.02125,2.0
475,0.0002652823206902605,0.0001011656578183,USVAL,2025-02-14 20:34:00,2025-02-14,13963,,,,2025,2,14,,-1.08685,-0.50862,1.19998,2.0
476,0.0006473767924324118,0.00013309501956235002,USVAL,2025-02-14 23:35:00,2025-02-14,13963,,,,2025,2,14,,-1.08685,-0.50862,1.19998,2.0
477,0.0007995161978257981,0.0001057582839804,USVAL,2025-02-15 02:31:00,2025-02-15,13964,,,,2025,2,15,,-1.28628,-0.58378,1.41256,2.0
478,0.0002225596488681103,3.5292698180774154e-05,USVAL,2026-01-22 21:00:00,2026-01-22,14305,,,,2026,1,22,,-0.61316,-0.79638,1.00508,1.0
479,0.00018793548273713956,3.863094575405016e-05,USVAL,2026-01-23 00:00:00,2026-01-23,14306,,,,2026,1,23,,-0.60898,-0.92758,1.10962,1.0
480,0.00021582413290130074,4.986372283024913e-05,USVAL,2026-01-23 02:49:00,2026-01-23,14306,,,,2026,1,23,,-0.60898,-0.92758,1.10962,1.0
481,0.0001406881474610423,4.785112443707035e-05,USVAL,2026-01-24 03:00:00,2026-01-24,14307,,,,2026,1,24,,-0.67349,-1.07723,1.27043,1.0
482,0.000331705108877505,4.329716146980772e-05,USVAL,2026-01-24 20:34:00,2026-01-24,14307,,,,2026,1,24,,-0.67349,-1.07723,1.27043,1.0
483,0.0008856959392763761,0.000963653793996,USVAL,2026-01-25 01:04:00,2026-01-25,14308,,,,2026,1,25,,-0.8257,-1.32243,1.55904,1.0
484,0.00045449364915790304,7.956733179380026e-05,USVAL,2026-01-25 02:37:00,2026-01-25,14308,,,,2026,1,25,,-0.8257,-1.32243,1.55904,1.0
485,0.00043864760924295824,0.0003321454383504,USVAL,2026-01-27 02:45:00,2026-01-27,14310,,,,2026,1,27,,-1.07223,-1.53633,1.8735,1.0
486,0.00043864760924295824,0.0003321454383504,USVAL,2026-01-27 21:00:00,2026-01-27,14310,,,,2026,1,27,,-1.07223,-1.53633,1.8735,1.0
487,0.00010739418561699639,9.97905711787568e-06,USVAL,2026-01-28 00:00:00,2026-01-28,14311,,,,2026,1,28,,-1.07215,-1.51496,1.85596,1.0
488,0.0002532117933338906,7.325445930927903e-05,USVAL,2026-01-28 02:36:00,2026-01-28,14311,,,,2026,1,28,,-1.07215,-1.51496,1.85596,1.0
489,0.0001532136890123215,4.0298646403882145e-06,USVAL,2026-01-31 00:28:00,2026-01-31,14314,,,,2026,1,31,,-0.90447,-1.23852,1.53363,1.0
490,0.0001532136890123215,4.0298646403882145e-06,USVAL,2026-02-03 20:35:00,2026-02-03,14317,,,,2026,2,3,,-0.35812,-1.00387,1.06584,1.0
491,0.00018958839007190878,1.6683255149014234e-05,USVAL,2026-02-04 00:00:00,2026-02-04,14318,,,,2026,2,4,,-0.05081,-0.7824,0.78405,1.0
492,0.00019870793131583042,2.2370610022369923e-05,USVAL,2026-02-04 02:40:00,2026-02-04,14318,,,,2026,2,4,,-0.05081,-0.7824,0.78405,1.0
493,0.00031151252035496887,8.851396719903116e-05,USVAL,2026-02-04 21:00:00,2026-02-04,14318,,,,2026,2,4,,-0.05081,-0.7824,0.78405,1.0
494,0.0001740889166760685,2.2153049907169376e-05,USVAL,2026-02-05 00:00:00,2026-02-05,14319,,,,2026,2,5,,0.26475,-0.54485,0.60576,8.0
495,0.0001740889166760685,2.2153049907169376e-05,USVAL,2026-02-05 02:30:00,2026-02-05,14319,,,,2026,2,5,,0.26475,-0.54485,0.60576,8.0
496,0.0001740889166760685,2.2153049907169376e-05,USVAL,2026-02-05 20:33:00,2026-02-05,14319,,,,2026,2,5,,0.26475,-0.54485,0.60576,8.0
497,0.0005138782872126292,6.730578838859695e-05,USVAL,2026-02-05 23:30:00,2026-02-05,14319,,,,2026,2,5,,0.26475,-0.54485,0.60576,8.0
498,0.00023955032368193422,2.7971247999851768e-05,USVAL,2026-02-11 15:41:00,2026-02-11,14325,,,,2026,2,11,,1.49248,1.20043,1.91534,6.0
499,0.000468358016965212,1.6290346552479044e-05,USVAL,2026-02-13 20:28:00,2026-02-13,14327,,,,2026,2,13,,1.83638,1.41198,2.31645,6.0
500,0.002988723298240122,0.0030746832260071,USVAL,2026-02-13 23:33:00,2026-02-13,14327,,,,2026,2,13,,1.83638,1.41198,2.31645,6.0
501,0.0005614906637790855,2.323690536280661e-05,USVAL,2026-02-14 02:33:00,2026-02-14,14328,,,,2026,2,14,,1.99745,1.38781,2.43225,6.0
502,0.00045785483233711546,0.00021299269038835001,USVAL,2026-02-14 16:45:00,2026-02-14,14328,,,,2026,2,14,,1.99745,1.38781,2.43225,6.0
503,0.0004040576608662262,0.0002200984673157,USVAL,2026-02-14 20:32:00,2026-02-14,14328,,,,2026,2,14,,1.99745,1.38781,2.43225,6.0
504,0.0005576634064918169,0.0001678000728885,USVAL,2026-02-15 02:33:00,2026-02-15,14329,,,,2026,2,15,,2.16909,1.36455,2.56261,6.0
505,0.0004657044649836901,8.704618961273806e-06,USVAL,2026-02-15 20:30:00,2026-02-15,14329,,,,2026,2,15,,2.16909,1.36455,2.56261,6.0
506,0.0004657044649836901,8.704618961273806e-06,USVAL,2026-02-15 23:40:00,2026-02-15,14329,,,,2026,2,15,,2.16909,1.36455,2.56261,6.0
507,0.0004552933386668159,6.048963571043789e-05,USVAL,2026-02-16 02:30:00,2026-02-16,14330,,,,2026,2,16,,2.31519,1.28031,2.64562,6.0
508,0.0007141845044094543,3.425928463492977e-05,USVAL,2026-02-16 20:35:00,2026-02-16,14330,,,,2026,2,16,,2.31519,1.28031,2.64562,6.0
509,0.000839624704241718,3.8006269972941086e-05,USVAL,2026-02-16 23:37:00,2026-02-16,14330,,,,2026,2,16,,2.31519,1.28031,2.64562,6.0
510,0.0008912364683052503,4.934910003686033e-05,USVAL,2026-02-17 02:32:00,2026-02-17,14331,,,,2026,2,17,,2.4122,1.10941,2.65509,6.0
511,0.0007472047781582699,2.9830124889114564e-05,USVAL,2026-02-17 20:32:00,2026-02-17,14331,,,,2026,2,17,,2.4122,1.10941,2.65509,6.0
512,0.0008367601529519605,0.0002267797923809,USVAL,2026-02-17 23:25:00,2026-02-17,14331,,,,2026,2,17,,2.4122,1.10941,2.65509,6.0
513,0.0014447608279305835,0.0002490564463935,USVAL,2026-02-18 02:30:00,2026-02-18,14332,,,,2026,2,18,,2.21633,0.83069,2.36689,6.0
514,0.0016344535512608919,0.0001606148606545,USVAL,2026-03-10 19:25:00,2026-03-10,14352,,,,2026,3,10,,-1.40194,0.00433,1.40195,3.0
515,0.0014261620339504418,4.488814564636448e-05,USVAL,2026-03-26 17:27:00,2026-03-26,14368,,,,2026,3,26,,-0.12827,-1.64049,1.64549,1.0
